"flow rate","injection exergy","injection exergy th","pipe diamter","pipe length","pipe thickness","preessure drop bar","steel exergy","transport comp stages","transport exergy","transport exergy th"
1.2645833333333334,1.71490341092003e8,4.321556595518475e7,18.345316918152093,200000.0,0.0337889202086802,264.9992438767445,63801.29713428371,5.0,7.565836373920736e8,1.9065907662280256e8
1.2645833333333334,1.71490341092003e8,4.321556595518475e7,20.345316918152093,200000.0,0.029040910953783694,187.3713227273146,60801.56423898254,4.0,7.513231400837538e8,1.8933343130110598e8
1.2645833333333334,1.71490341092003e8,4.321556595518475e7,22.345316918152093,200000.0,0.025714550226838054,135.55666839057997,59121.504942657295,4.0,7.091551406289613e8,1.7870709543849826e8
1.2645833333333334,1.71490341092003e8,4.321556595518475e7,24.345316918152093,200000.0,0.023351365818919428,99.66600196248262,58487.91830744403,4.0,6.762057084870297e8,1.704038385387315e8
1.2645833333333334,1.71490341092003e8,4.321556595518475e7,26.345316918152093,200000.0,0.021684156529816045,74.17294027443187,58769.88826992089,4.0,6.502494217151674e8,1.638628542722222e8
